Serial Time, Thread Number, Parallel Time
25.935675, 2, 20.938569
28.584777, 3, 11.151560
26.068559, 4, 9.701240
25.320682, 5, 9.808340
24.845943, 6, 10.662589
23.055104, 7, 10.279990
23.650225, 8, 11.595974
